Datetime,Water Level (m)
2025-04-17 12:00:00,-1.0264319
2025-04-17 13:00:00,-0.9362939
2025-04-17 14:00:00,-0.556145
2025-04-17 15:00:00,-0.1525573
2025-04-17 16:00:00,0.3182298
2025-04-17 17:00:00,0.59628886
2025-04-17 18:00:00,0.5970087
2025-04-17 19:00:00,0.45536476
2025-04-17 20:00:00,0.10297188
2025-04-17 21:00:00,-0.38792866
2025-04-17 22:00:00,-0.78029877
2025-04-17 23:00:00,-1.047183
2025-04-18 00:00:00,-1.1434563
2025-04-18 01:00:00,-1.0718582
2025-04-18 02:00:00,-0.7211592
2025-04-18 03:00:00,-0.24382305
2025-04-18 04:00:00,0.22555144
2025-04-18 05:00:00,0.59114903
2025-04-18 06:00:00,0.78085846
2025-04-18 07:00:00,0.7765859
2025-04-18 08:00:00,0.54656416
2025-04-18 09:00:00,0.17178395
2025-04-18 10:00:00,-0.2256856
2025-04-18 11:00:00,-0.5321797
2025-04-18 12:00:00,-0.7429418
2025-04-18 13:00:00,-0.78938276
2025-04-18 14:00:00,-0.6579111
2025-04-18 15:00:00,-0.3920591
2025-04-18 16:00:00,-0.0038562235
2025-04-18 17:00:00,0.3154423
2025-04-18 18:00:00,0.45091873
2025-04-18 19:00:00,0.40419465
2025-04-18 20:00:00,0.21470423
2025-04-18 21:00:00,-0.13908617
2025-04-18 22:00:00,-0.50748044
2025-04-18 23:00:00,-0.76020604
2025-04-19 00:00:00,-0.93661237
2025-04-19 01:00:00,-0.97074986
2025-04-19 02:00:00,-0.8279421
2025-04-19 03:00:00,-0.4685262
2025-04-19 04:00:00,-0.104845874
2025-04-19 05:00:00,0.28661096
2025-04-19 06:00:00,0.5846873
2025-04-19 07:00:00,0.699036
2025-04-19 08:00:00,0.6128632
2025-04-19 09:00:00,0.38471383
2025-04-19 10:00:00,0.082318865
2025-04-19 11:00:00,-0.23015194
2025-04-19 12:00:00,-0.462491
2025-04-19 13:00:00,-0.56538427
2025-04-19 14:00:00,-0.60171866
2025-04-19 15:00:00,-0.49159443
2025-04-19 16:00:00,-0.2554196
2025-04-19 17:00:00,0.01628207
2025-04-19 18:00:00,0.20915757
2025-04-19 19:00:00,0.26117054
2025-04-19 20:00:00,0.24197394
2025-04-19 21:00:00,0.07721614
2025-04-19 22:00:00,-0.19029929
2025-04-19 23:00:00,-0.44978094
2025-04-20 00:00:00,-0.62870866
2025-04-20 01:00:00,-0.73992187
2025-04-20 02:00:00,-0.7544447
2025-04-20 03:00:00,-0.61841476
2025-04-20 04:00:00,-0.3388878
2025-04-20 05:00:00,-0.053892788
2025-04-20 06:00:00,0.22086522
2025-04-20 07:00:00,0.44414252
2025-04-20 08:00:00,0.49816033
2025-04-20 09:00:00,0.43830356
2025-04-20 10:00:00,0.30305237
2025-04-20 11:00:00,0.07289126
2025-04-20 12:00:00,-0.19604416
2025-04-20 13:00:00,-0.39842626
2025-04-20 14:00:00,-0.5195268
2025-04-20 15:00:00,-0.63859755
2025-04-20 16:00:00,-0.62523067
2025-04-20 17:00:00,-0.26191562
2025-04-20 18:00:00,-0.188079
2025-04-20 19:00:00,-0.03157969
2025-04-20 20:00:00,0.15451491
2025-04-20 21:00:00,0.13767509
2025-04-20 22:00:00,-0.019356186
2025-04-20 23:00:00,-0.18367834
2025-04-21 00:00:00,-0.34433493
2025-04-21 01:00:00,-0.5474617
2025-04-21 02:00:00,-0.6630278
2025-04-21 03:00:00,-0.667921
2025-04-21 04:00:00,-0.5878723
2025-04-21 05:00:00,-0.45850676
2025-04-21 06:00:00,-0.20169075
2025-04-21 07:00:00,0.10935855
2025-04-21 08:00:00,0.31594616
2025-04-21 09:00:00,0.4293376
2025-04-21 10:00:00,0.44243124
2025-04-21 11:00:00,0.32729092
2025-04-21 12:00:00,0.121830605
2025-04-21 13:00:00,-0.10286229
2025-04-21 14:00:00,-0.30908775
2025-04-21 15:00:00,-0.48532572
2025-04-21 16:00:00,-0.58546984
2025-04-21 17:00:00,-0.6080559
2025-04-21 18:00:00,-0.53550816
2025-04-21 19:00:00,-0.3742925
2025-04-21 20:00:00,-0.16034243
2025-04-21 21:00:00,0.026682869
2025-04-21 22:00:00,0.1489841
2025-04-21 23:00:00,0.16745178
2025-04-22 00:00:00,0.07509027
2025-04-22 01:00:00,-0.12233775
2025-04-22 02:00:00,-0.35736543
2025-04-22 03:00:00,-0.5379086
2025-04-22 04:00:00,-0.6324096
2025-04-22 05:00:00,-0.65683043
2025-04-22 06:00:00,-0.5631851
2025-04-22 07:00:00,-0.36976334
2025-04-22 08:00:00,-0.07914741
2025-04-22 09:00:00,0.22533078
2025-04-22 10:00:00,0.44890407
2025-04-22 11:00:00,0.53991836
2025-04-22 12:00:00,0.48643246
2025-04-22 13:00:00,0.3112878
2025-04-22 14:00:00,0.034164608
2025-04-22 15:00:00,-0.30993035
2025-04-22 16:00:00,-0.5946591
2025-04-22 17:00:00,-0.7591249
2025-04-22 18:00:00,-0.8344638
2025-04-22 19:00:00,-0.7887021
2025-04-22 20:00:00,-0.5765882
2025-04-22 21:00:00,-0.23864453
2025-04-22 22:00:00,0.08818804
2025-04-22 23:00:00,0.32548207
2025-04-23 00:00:00,0.42747587
2025-04-23 01:00:00,0.354469
2025-04-23 02:00:00,0.11719227
2025-04-23 03:00:00,-0.219671
2025-04-23 04:00:00,-0.53259724
2025-04-23 05:00:00,-0.7240341
2025-04-23 06:00:00,-0.81252027
2025-04-23 07:00:00,-0.7450859
2025-04-23 08:00:00,-0.533537
2025-04-23 09:00:00,-0.17635438
2025-04-23 10:00:00,0.25856486
2025-04-23 11:00:00,0.57083744
2025-04-23 12:00:00,0.7387303
